seta,delta,hidden_node
-0.6971076331875641,-0.3609750036335755,1000
