seta,delta,hidden_node
-0.0020161901302413465,-0.6628782796350761,500
